{"EUR/USD": [1.0681600594520568], "USD/JPY": [150.3031149291992], "GBP/USD": [1.2284724557399749], "AUD/USD": [0.6428320842981339], "NZD/USD": [0.5932853257656098], "EUR/JPY": [160.5751023864746, 160.5751023864746], "GBP/JPY": [184.8488555908203], "EUR/GBP": [0.8688998579978943], "EUR/CAD": [1.46841601729393], "EUR/SEK": [11.677068538665772], "EUR/CHF": [0.9624554067850113], "EUR/HUF": [379.1604449462891], "USD/CNY": [7.281165957450867], "USD/HKD": [7.81959668636322], "USD/SGD": [1.3558722710609437], "USD/INR": [83.21235183715821], "USD/MXN": [17.571176776885988], "USD/PHP": [56.08833484649658], "USD/IDR": [15601.014013671875], "USD/THB": [35.555456924438474], "USD/MYR": [4.659865083694458], "USD/ZAR": [18.37633514404297], "USD/RUB": [92.38044128417968]}