{"EUR/USD": [1.0674515235424042], "USD/JPY": [151.2345506286621], "GBP/USD": [1.221911188364029], "AUD/USD": [0.6375041633844376], "NZD/USD": [0.5906124866008758], "EUR/JPY": [161.4554493713379, 161.4554493713379], "GBP/JPY": [184.99193557739258], "EUR/GBP": [0.8729065328836441], "EUR/CAD": [1.4726923823356628], "EUR/SEK": [11.640360393524169], "EUR/CHF": [0.9633254957199097], "EUR/HUF": [378.8081036376953], "USD/CNY": [7.281243953704834], "USD/HKD": [7.810117578506469], "USD/SGD": [1.3606213772296905], "USD/INR": [83.24630531311035], "USD/MXN": [17.87429250717163], "USD/PHP": [55.89601760864258], "USD/IDR": [15641.85400390625], "USD/THB": [35.74211303710938], "USD/MYR": [4.684313998222351], "USD/ZAR": [18.661889991760255], "USD/RUB": [92.1058309173584]}