{"EUR/USD": [1.0716578197479247], "USD/JPY": [150.9177099609375], "GBP/USD": [1.2285335671901703], "AUD/USD": [0.6421708631515503], "NZD/USD": [0.5939391028881073], "EUR/JPY": [161.67358825683593, 161.67358825683593], "GBP/JPY": [185.3928662109375], "EUR/GBP": [0.8720807164907456], "EUR/CAD": [1.4734116888046265], "EUR/SEK": [11.62000171661377], "EUR/CHF": [0.9629216372966767], "EUR/HUF": [378.0725979614258], "USD/CNY": [7.281243953704834], "USD/HKD": [7.808582110404968], "USD/SGD": [1.3559707725048065], "USD/INR": [83.22068656921387], "USD/MXN": [17.4799206161499], "USD/PHP": [55.8778201675415], "USD/IDR": [15641.85400390625], "USD/THB": [35.53965847015381], "USD/MYR": [4.684313998222351], "USD/ZAR": [18.54587562561035], "USD/RUB": [91.97001098632812]}