{
    "EUR/USD": {
        "RMSE": 0.00044338583946235133,
        "MAE": 0.00044338583946235133,
        "actual_change": [
            -0.01
        ],
        "predict_change": [
            0.03
        ]
    },
    "USD/JPY": {
        "RMSE": 0.14745315551758154,
        "MAE": 0.14745315551758154,
        "actual_change": [
            0.05
        ],
        "predict_change": [
            -0.05
        ]
    },
    "GBP/USD": {
        "RMSE": 0.000597599744796673,
        "MAE": 0.000597599744796673,
        "actual_change": [
            -0.02
        ],
        "predict_change": [
            -0.07
        ]
    },
    "AUD/USD": {
        "RMSE": 0.0014447003602982011,
        "MAE": 0.0014447003602982011,
        "actual_change": [
            -0.13
        ],
        "predict_change": [
            0.1
        ]
    },
    "NZD/USD": {
        "RMSE": 0.0010246193408965931,
        "MAE": 0.0010246193408965931,
        "actual_change": [
            -0.01
        ],
        "predict_change": [
            0.17
        ]
    },
    "EUR/JPY": {
        "RMSE": 0.02409736318739606,
        "MAE": 0.024050445556639488,
        "actual_change": [
            0.04,
            0.04
        ],
        "predict_change": [
            0.03,
            0.03
        ]
    },
    "GBP/JPY": {
        "RMSE": 0.058067474365230964,
        "MAE": 0.058067474365230964,
        "actual_change": [
            0.06
        ],
        "predict_change": [
            0.03
        ]
    },
    "EUR/GBP": {
        "RMSE": 0.00035652220249171584,
        "MAE": 0.00035652220249171584,
        "actual_change": [
            -0.01
        ],
        "predict_change": [
            0.03
        ]
    },
    "EUR/CAD": {
        "RMSE": 0.0005424141883849654,
        "MAE": 0.0005424141883849654,
        "actual_change": [
            -0.04
        ],
        "predict_change": [
            0.0
        ]
    },
    "EUR/SEK": {
        "RMSE": 0.014219722747803587,
        "MAE": 0.014219722747803587,
        "actual_change": [
            -0.0
        ],
        "predict_change": [
            -0.12
        ]
    },
    "EUR/CHF": {
        "RMSE": 0.000524525642395135,
        "MAE": 0.000524525642395135,
        "actual_change": [
            0.09
        ],
        "predict_change": [
            0.04
        ]
    },
    "EUR/HUF": {
        "RMSE": 0.23190490722657842,
        "MAE": 0.23190490722657842,
        "actual_change": [
            0.12
        ],
        "predict_change": [
            0.05
        ]
    },
    "USD/CNY": {
        "RMSE": 0.01085599899291978,
        "MAE": 0.01085599899291978,
        "actual_change": [
            0.12
        ],
        "predict_change": [
            -0.02
        ]
    },
    "USD/HKD": {
        "RMSE": 0.0023177623748775744,
        "MAE": 0.0023177623748775744,
        "actual_change": [
            -0.01
        ],
        "predict_change": [
            0.02
        ]
    },
    "USD/SGD": {
        "RMSE": 0.0001213991641997314,
        "MAE": 0.0001213991641997314,
        "actual_change": [
            0.08
        ],
        "predict_change": [
            0.09
        ]
    },
    "USD/INR": {
        "RMSE": 0.05369773864745753,
        "MAE": 0.05369773864745753,
        "actual_change": [
            0.01
        ],
        "predict_change": [
            -0.06
        ]
    },
    "USD/MXN": {
        "RMSE": 0.09729207992553768,
        "MAE": 0.09729207992553768,
        "actual_change": [
            -0.16
        ],
        "predict_change": [
            0.39
        ]
    },
    "USD/PHP": {
        "RMSE": 0.0239805603027321,
        "MAE": 0.0239805603027321,
        "actual_change": [
            0.04
        ],
        "predict_change": [
            -0.01
        ]
    },
    "USD/IDR": {
        "RMSE": 52.14599609375,
        "MAE": 52.14599609375,
        "actual_change": [
            0.29
        ],
        "predict_change": [
            -0.05
        ]
    },
    "USD/THB": {
        "RMSE": 0.02788742065429517,
        "MAE": 0.02788742065429517,
        "actual_change": [
            0.2
        ],
        "predict_change": [
            0.12
        ]
    },
    "USD/MYR": {
        "RMSE": 0.03418613910675017,
        "MAE": 0.03418613910675017,
        "actual_change": [
            0.61
        ],
        "predict_change": [
            -0.12
        ]
    },
    "USD/ZAR": {
        "RMSE": 0.004610023498536009,
        "MAE": 0.004610023498536009,
        "actual_change": [
            0.05
        ],
        "predict_change": [
            0.07
        ]
    },
    "USD/RUB": {
        "RMSE": 0.017833480834966053,
        "MAE": 0.017833480834966053,
        "actual_change": [
            0.51
        ],
        "predict_change": [
            0.52
        ]
    }
}