{"EUR/USD": [1.067199513912201], "USD/JPY": [151.3845686340332], "GBP/USD": [1.2227525162696837], "AUD/USD": [0.6363653421401978], "NZD/USD": [0.5897643381357193], "EUR/JPY": [161.47887786865235, 161.47621795654297], "GBP/JPY": [185.00221633911133], "EUR/GBP": [0.8725299865007401], "EUR/CAD": [1.4721457111835479], "EUR/SEK": [11.656158361434937], "EUR/CHF": [0.963512133359909], "EUR/HUF": [378.8758850097656], "USD/CNY": [7.292280993461609], "USD/HKD": [7.807701725959777], "USD/SGD": [1.3604944515228272], "USD/INR": [83.29813766479492], "USD/MXN": [17.7891370010376], "USD/PHP": [55.91428287506103], "USD/IDR": [15674.328017578126], "USD/THB": [35.77668956756592], "USD/MYR": [4.710599975585938], "USD/ZAR": [18.65375400543213], "USD/RUB": [92.07135116577149]}