{"EUR/USD": [1.0735492193698883], "USD/JPY": [149.82787200927734], "GBP/USD": [1.2368046987056731], "AUD/USD": [0.6499795562028885], "NZD/USD": [0.5981847959756851], "EUR/JPY": [160.69590896606445, 160.69590896606445], "GBP/JPY": [185.19052459716798], "EUR/GBP": [0.8677930259704589], "EUR/CAD": [1.467264930009842], "EUR/SEK": [11.694974231719971], "EUR/CHF": [0.9638889330625534], "EUR/HUF": [379.275803527832], "USD/CNY": [7.270529937744141], "USD/HKD": [7.819738297462464], "USD/SGD": [1.3506063258647918], "USD/INR": [83.15729400634766], "USD/MXN": [17.520776672363283], "USD/PHP": [55.98923950195312], "USD/IDR": [15580.705986328125], "USD/THB": [35.40956920623779], "USD/MYR": [4.658472938537598], "USD/ZAR": [18.29122339248657], "USD/RUB": [91.59335006713867]}