{"EUR/USD": [1.0681260967254638], "USD/JPY": [151.2140884399414], "GBP/USD": [1.2233110821247102], "AUD/USD": [0.6383590590953827], "NZD/USD": [0.5911152404546738], "EUR/JPY": [161.53524002075196, 161.53524002075196], "GBP/JPY": [185.13177169799803], "EUR/GBP": [0.8726736187934876], "EUR/CAD": [1.4724132859706878], "EUR/SEK": [11.633906650543214], "EUR/CHF": [0.9633457249403], "EUR/HUF": [378.35169921875], "USD/CNY": [7.281243953704834], "USD/HKD": [7.810097050666809], "USD/SGD": [1.3598826658725738], "USD/INR": [83.24630531311035], "USD/MXN": [17.68458957672119], "USD/PHP": [55.89601760864258], "USD/IDR": [15641.85400390625], "USD/THB": [35.70993942260742], "USD/MYR": [4.684313998222351], "USD/ZAR": [18.64361940383911], "USD/RUB": [92.1058309173584]}