{"EUR/USD": [1.0694471287727356], "USD/JPY": [151.03618041992186], "GBP/USD": [1.2256720626354218], "AUD/USD": [0.640344820022583], "NZD/USD": [0.5921084833145142], "EUR/JPY": [161.53524002075196, 161.53524002075196], "GBP/JPY": [185.20231155395507], "EUR/GBP": [0.8722473746538162], "EUR/CAD": [1.473424105644226], "EUR/SEK": [11.629704113006591], "EUR/CHF": [0.9629275894165039], "EUR/HUF": [378.3564395141602], "USD/CNY": [7.282581925392151], "USD/HKD": [7.810780539512634], "USD/SGD": [1.3582311141490937], "USD/INR": [83.24126083374023], "USD/MXN": [17.53912733078003], "USD/PHP": [55.83742622375488], "USD/IDR": [15641.85400390625], "USD/THB": [35.571414413452146], "USD/MYR": [4.684313998222351], "USD/ZAR": [18.606746234893798], "USD/RUB": [92.12165107727051]}