{"AAL": [11.529746761322022], "AAPL": [175.81731399536133], "AMD": [104.69050048828124], "AMZN": [132.200431060791], "BAC": [26.81956422805786], "CCL": [11.889969224929809], "F": [10.960000038146973], "GOOGL": [132.1944708251953], "INTC": [36.177509269714356], "KVUE": [19.339697151184083], "LU": [1.0109899896383285], "NIO": [7.909999847412109], "NVDA": [437.05289855957034], "PFE": [31.231424465179444], "PINS": [28.020215072631835], "PLTR": [16.95594898223877], "PR": [14.550326833724975], "RIG": [7.019999980926514], "RIVN": [17.439999980926515], "SNAP": [9.868286476135253], "SOFI": [7.590485014915466], "SRPT": [100.64165031433106], "T": [15.16996124267578], "TSLA": [223.92230056762696], "VFC": [16.49751811981201], "VZ": [33.50982849121094], "XOM": [107.77976455688477]}