{"AAL": [11.81988739013672], "AAPL": [180.68780029296875], "AMD": [112.94501419067383], "AMZN": [140.72828063964843], "BAC": [28.04692792892456], "CCL": [12.490233135223388], "F": [10.165820274353027], "GOOGL": [130.52913833618163], "INTC": [38.160558204650876], "KVUE": [19.329991226196288], "LU": [1.070200047492981], "NIO": [7.909999847412109], "NVDA": [460.70799713134767], "PFE": [30.85351764678955], "PINS": [31.130478420257568], "PLTR": [18.609275283813478], "PR": [13.768218755722046], "RIG": [6.6696000671386715], "RIVN": [16.962109546661377], "SNAP": [10.989906425476073], "SOFI": [7.389799871444702], "SRPT": [80.04710891723633], "T": [15.740029554367066], "TSLA": [218.54909606933595], "VFC": [15.657957000732422], "VZ": [35.793193588256834], "XOM": [104.80158645629882]}