{"AAL": [11.760000228881836], "AAPL": [179.67230255126952], "AMD": [111.75478904724122], "AMZN": [140.25318695068358], "BAC": [28.08363077163696], "CCL": [12.41178991317749], "F": [10.25014500617981], "GOOGL": [129.93189682006835], "INTC": [38.09669258117676], "KVUE": [19.33955696105957], "LU": [1.0697000443935394], "NIO": [7.959600028991699], "NVDA": [453.9478094482422], "PFE": [31.005315074920656], "PINS": [30.979400634765625], "PLTR": [18.537915019989015], "PR": [14.153608350753782], "RIG": [6.71010000705719], "RIVN": [17.3800665473938], "SNAP": [10.811026391983033], "SOFI": [7.68016658782959], "SRPT": [79.90255111694336], "T": [15.770160446166992], "TSLA": [220.5531982421875], "VFC": [15.569989700317382], "VZ": [35.85358776092529], "XOM": [105.98371032714844]}