{"AAL": [11.530159769058228], "AAPL": [175.84380722045898], "AMD": [104.69300048828126], "AMZN": [132.20180618286133], "BAC": [26.820546245574953], "CCL": [11.890694179534911], "F": [10.960000038146973], "GOOGL": [132.20028106689452], "INTC": [36.18046993255615], "KVUE": [19.338865432739258], "LU": [1.0109899896383285], "NIO": [7.909999847412109], "NVDA": [437.05289855957034], "PFE": [31.23611068725586], "PINS": [28.022456073760985], "PLTR": [16.96004831314087], "PR": [14.55314208984375], "RIG": [7.019999980926514], "RIVN": [17.44998691558838], "SNAP": [9.868286476135253], "SOFI": [7.590485014915466], "SRPT": [100.64740562438965], "T": [15.172325897216798], "TSLA": [223.96300079345704], "VFC": [16.500160026550294], "VZ": [33.50982849121094], "XOM": [107.7850555419922]}