{"AA": [25.648766574859618], "AAL": [11.554877376556396], "AAPL": [175.13240341186523], "ABBV": [145.37231353759765], "ABEV": [2.5341066312789917], "ABR": [13.57840916633606], "AES": [14.307761974334717], "AFL": [79.23999786376953], "AFRM": [18.854880142211915], "AGNC": [8.170000076293945], "ALLY": [24.73769416809082], "AMC": [9.829999923706056], "AMCR": [8.774594669342042], "AMD": [103.7397981262207], "AMZN": [130.49949661254882], "ANET": [193.48266647338866], "APO": [84.54026870727539], "AR": [28.48501209259033], "AUR": [1.8775500857830048], "AVTR": [19.71723026275635], "AZN": [65.1598974609375], "BABA": [83.4800033569336], "BAC": [26.66026615142822], "BAX": [33.020020446777345], "BB": [3.5568796825408935], "BBD": [2.880000114440918], "BCS": [6.984633045196533], "BEKE": [15.454553508758545], "BEN": [23.013550548553468], "BILI": [13.544944953918456], "BKR": [34.95267810821533], "BMY": [54.77450675964356], "BP": [38.630001068115234], "BSX": [50.869998931884766], "BTE": [4.346223821640015], "BTG": [3.231700389385223], "C": [40.31987869262695], "CARR": [50.43000030517578], "CAT": [252.4152996826172], "CCJ": [38.62847068786621], "CCL": [11.883726387023925], "CFG": [24.949303283691407], "CHWY": [18.221042575836183], "CL": [72.56875190734863], "CLF": [15.787942113876342], "CMCSA": [42.79665836334229], "CNHI": [11.437104167938232], "COIN": [77.46674568176269], "CPNG": [17.312334022521974], "CRK": [12.512159357070923], "CSCO": [52.984050788879394], "CSX": [30.455504512786867], "CTLT": [41.0423335647583], "CTRA": [28.35862590789795], "CVE": [20.062776184082033], "CVS": [69.94999694824219], "CVX": [157.56694122314454], "D": [41.380001068115234], "DAL": [33.005500297546384], "DHR": [201.96080322265624], "DIS": [83.17997032165528], "DKNG": [29.006792068481445], "DNA": [1.563916722536087], "DOC": [11.39430983543396], "ENPH": [102.58010177612303], "EPD": [27.1161678314209], "ERIC": [4.567318134307861], "ESTE": [21.32215341567993], "ET": [13.653446092605591], "EW": [68.07121795654297], "EXC": [39.47897068023681], "F": [11.20837119102478], "FCX": [35.04999923706055], "FHN": [10.78611075401306], "FIS": [50.855671615600585], "FTI": [20.948803615570068], "GEHC": [66.47229766845703], "GM": [29.337246856689454], "GOLD": [16.06999969482422], "GOOG": [134.1058026123047], "GOOGL": [132.88830032348633], "GPK": [21.18559638977051], "GRAB": [3.2658755779266357], "GSK": [35.86780353546143], "HAL": [41.04999923706055], "HAYW": [12.063559675216675], "HBAN": [9.943668699264526], "HL": [4.116384282112121], "HPE": [16.0132350730896], "HPQ": [26.51000022888184], "HR": [14.673283081054688], "HRL": [32.6905855178833], "HST": [15.904439659118653], "HTZ": [10.139950675964355], "IBN": [22.52110715866089], "IBRX": [2.069999933242798], "IMGN": [14.603331041336059], "ING": [13.01178430557251], "INTC": [35.884635009765624], "IQ": [4.74357759475708], "ITUB": [5.437402539253235], "JD": [26.553561725616454], "JPM": [142.9887400817871], "KDP": [29.43726713180542], "KEY": [10.421816892623902], "KGC": [5.21999979019165], "KHC": [31.941692104339598], "KIM": [17.335514621734617], "KMI": [16.809999465942383], "KO": [54.93000030517578], "KVUE": [19.38828052520752], "LCID": [4.573700366020202], "LI": [34.38730739593506], "LIFW": [2.549999952316284], "LSCC": [70.17002014160157], "LTHM": [16.144414367675783], "LU": [1.0101399970054628], "LUV": [24.27314697265625], "LYFT": [10.181969108581542], "LYG": [2.0145666551589967], "M": [11.595023880004883], "MCHP": [75.82732330322266], "MDLZ": [64.83000183105469], "MDT": [72.12999725341797], "META": [312.31859802246095], "MKC": [62.597197685241696], "MO": [41.68680923461914], "MPW": [4.960000038146973], "MRK": [103.32144515991212], "MRO": [27.65319091796875], "MRVL": [50.63706283569336], "MS": [74.74660697937011], "MSFT": [335.20605834960935], "MTCH": [34.64364917755127], "MU": [68.55181327819824], "NCLH": [14.281134586334229], "NEE": [55.10647205352783], "NEM": [38.59403625488281], "NIO": [7.9944385814666745], "NLY": [16.6229660987854], "NMR": [3.9700000286102295], "NOK": [3.373355212211609], "NU": [8.0], "NVDA": [434.9838967895508], "NWL": [6.972952618598938], "NXE": [5.774314045906067], "NYCB": [10.190572757720947], "O": [49.64661354064941], "ON": [81.73694885253906], "PARA": [11.728048877716065], "PATH": [16.048861865997313], "PBR": [15.529999732971191], "PBR-A": [14.348883275985719], "PCG": [16.191299819946288], "PDD": [105.7795588684082], "PEAK": [16.889999389648438], "PFE": [31.50468189239502], "PINS": [27.593739166259766], "PLTR": [16.799999237060547], "PLUG": [6.562463665008545], "PR": [14.678138513565063], "PSLV": [7.723260760307312], "PYPL": [54.55034404754639], "QCOM": [110.87969802856445], "QS": [5.869536066055298], "RBLX": [31.603590774536134], "RF": [15.398982830047608], "RIG": [7.150000095367432], "RIVN": [17.723330459594727], "ROIV": [9.390000343322754], "ROKU": [65.96997619628907], "RTX": [76.80999755859375], "RUN": [10.514864587783814], "SAN": [3.685448167324066], "SBUX": [94.37213188171387], "SCHW": [52.01867485046387], "SHEL": [66.87797294616699], "SHOP": [52.400001525878906], "SIRI": [4.525291328430176], "SITC": [11.86211199760437], "SLB": [57.8198530960083], "SNAP": [9.56999969482422], "SOFI": [7.71999979019165], "SQ": [43.98411689758301], "SRC": [34.48473403930664], "SRPT": [105.62999755859373], "STLA": [19.22907802581787], "SWN": [7.042156767845154], "SYY": [65.06999969482422], "T": [15.0680570602417], "TAL": [9.27153244972229], "TEVA": [8.596014537811278], "TFC": [28.665528182983397], "TGT": [109.86018074035644], "TJX": [89.13059539794922], "TME": [6.957812957763672], "TOST": [17.236162509918213], "TSLA": [228.41073867797851], "TSM": [89.97149276733398], "UAA": [6.9990550136566165], "UAL": [36.93422908782959], "UBER": [44.26369911193848], "UDR": [34.34776496887207], "UEC": [5.490033102035523], "UMC": [7.301353054046631], "USB": [32.50502952575684], "VALE": [13.336049461364746], "VFC": [16.559724617004395], "VICI": [28.37611780166626], "VNO": [20.94012016296387], "VRT": [39.096944923400876], "VTRS": [9.21241976737976], "VZ": [33.0099983215332], "W": [46.00072803497314], "WBA": [21.896200981140137], "WBD": [10.449999809265137], "WDC": [43.092129554748546], "WFC": [40.237628059387205], "WOLF": [32.625908279418944], "WU": [12.529999732971191], "X": [33.176125068664554], "XOM": [108.67990028381348], "XPEV": [15.376934671401978], "YMM": [6.945589833259582], "Z": [39.969968223571776], "ZI": [15.730158786773682]}