{"AAL": [11.530159769058228], "AAPL": [175.81600891113283], "AMD": [104.68500122070313], "AMZN": [132.20053115844726], "BAC": [26.820716247558593], "CCL": [11.890669174194336], "F": [10.956560792922973], "GOOGL": [132.15538650512696], "INTC": [36.16917846679687], "KVUE": [19.34441551208496], "LU": [1.0109899896383285], "NIO": [7.909999847412109], "NVDA": [437.05289855957034], "PFE": [31.225960445404052], "PINS": [28.011612167358397], "PLTR": [16.950850830078124], "PR": [14.550000190734863], "RIG": [7.015484924316406], "RIVN": [17.43222764968872], "SNAP": [9.86649305343628], "SOFI": [7.600399913787842], "SRPT": [100.6563803100586], "T": [15.178568267822266], "TSLA": [223.9808673095703], "VFC": [16.492133464813232], "VZ": [33.510928535461424], "XOM": [107.77934432983399]}