{"TSLA": [214.0070359802246], "KVUE": [19.255682888031007], "F": [9.955431089401245], "AMD": [114.4077195739746], "SOFI": [6.879990100860596], "PINS": [31.632459468841553], "NVDA": [470.64070068359376], "AAPL": [183.24539794921876], "BAC": [27.77176782608032], "AMZN": [141.87162490844727], "AAL": [12.01698390007019], "PLTR": [18.710226497650147], "PFE": [30.020043907165526], "VFC": [15.380673389434815], "PR": [13.285308218002319], "LU": [1.070200047492981], "INTC": [38.03959587097168], "NIO": [7.730000014305115], "VZ": [35.86360092163086], "SNAP": [11.56965972900391], "RIG": [6.850024909973144], "T": [15.680271329879758], "RIVN": [16.630499172210694], "CCL": [12.600000381469728], "SRPT": [76.46128051757813], "XOM": [103.7560205078125], "GOOGL": [131.8486180114746]}