{
    "TSLA": {
        "RMSE": 1.6391651916503633,
        "MAE": 1.6391651916503633,
        "actual_change": [
            -4.45
        ],
        "predict_change": [
            -5.19
        ]
    },
    "KVUE": {
        "RMSE": 0.0644746589660592,
        "MAE": 0.0644746589660592,
        "actual_change": [
            -0.31
        ],
        "predict_change": [
            -0.65
        ]
    },
    "F": {
        "RMSE": 0.029999732971191406,
        "MAE": 0.029999732971191406,
        "actual_change": [
            -3.39
        ],
        "predict_change": [
            -3.09
        ]
    },
    "AMD": {
        "RMSE": 0.18562713623047955,
        "MAE": 0.18562713623047955,
        "actual_change": [
            -0.53
        ],
        "predict_change": [
            -0.37
        ]
    },
    "SOFI": {
        "RMSE": 0.13010011196136517,
        "MAE": 0.13010011196136517,
        "actual_change": [
            -4.33
        ],
        "predict_change": [
            -6.15
        ]
    },
    "PINS": {
        "RMSE": 0.22032590866088597,
        "MAE": 0.22032590866088597,
        "actual_change": [
            -0.99
        ],
        "predict_change": [
            -0.29
        ]
    },
    "NVDA": {
        "RMSE": 0.9744967651367347,
        "MAE": 0.9744967651367347,
        "actual_change": [
            -1.09
        ],
        "predict_change": [
            -0.88
        ]
    },
    "AAPL": {
        "RMSE": 0.47993560791019263,
        "MAE": 0.47993560791019263,
        "actual_change": [
            -0.3
        ],
        "predict_change": [
            -0.04
        ]
    },
    "BAC": {
        "RMSE": 0.09645236968994197,
        "MAE": 0.09645236968994197,
        "actual_change": [
            -1.92
        ],
        "predict_change": [
            -2.27
        ]
    },
    "AMZN": {
        "RMSE": 0.1697990417480355,
        "MAE": 0.1697990417480355,
        "actual_change": [
            -1.0
        ],
        "predict_change": [
            -1.12
        ]
    },
    "AAL": {
        "RMSE": 0.03978154182434146,
        "MAE": 0.03978154182434146,
        "actual_change": [
            -3.37
        ],
        "predict_change": [
            -3.7
        ]
    },
    "PLTR": {
        "RMSE": 0.046118202209473935,
        "MAE": 0.046118202209473935,
        "actual_change": [
            -2.09
        ],
        "predict_change": [
            -1.84
        ]
    },
    "PFE": {
        "RMSE": 0.08447961807251048,
        "MAE": 0.08447961807251048,
        "actual_change": [
            -2.66
        ],
        "predict_change": [
            -2.38
        ]
    },
    "VFC": {
        "RMSE": 0.09544344902038837,
        "MAE": 0.09544344902038837,
        "actual_change": [
            -3.07
        ],
        "predict_change": [
            -2.46
        ]
    },
    "PR": {
        "RMSE": 0.02004593849182079,
        "MAE": 0.02004593849182079,
        "actual_change": [
            -0.84
        ],
        "predict_change": [
            -0.69
        ]
    },
    "LU": {
        "RMSE": 0.003426665663719186,
        "MAE": 0.003426665663719186,
        "actual_change": [
            -4.63
        ],
        "predict_change": [
            -4.95
        ]
    },
    "INTC": {
        "RMSE": 0.22079074859619396,
        "MAE": 0.22079074859619396,
        "actual_change": [
            -0.66
        ],
        "predict_change": [
            -0.08
        ]
    },
    "NIO": {
        "RMSE": 0.05562864780426047,
        "MAE": 0.05562864780426047,
        "actual_change": [
            -4.48
        ],
        "predict_change": [
            -3.76
        ]
    },
    "VZ": {
        "RMSE": 0.022212257385255896,
        "MAE": 0.022212257385255896,
        "actual_change": [
            -0.7
        ],
        "predict_change": [
            -0.76
        ]
    },
    "SNAP": {
        "RMSE": 0.06000041961669922,
        "MAE": 0.06000041961669922,
        "actual_change": [
            0.18
        ],
        "predict_change": [
            0.71
        ]
    },
    "RIG": {
        "RMSE": 0.10887973308563215,
        "MAE": 0.10887973308563215,
        "actual_change": [
            -3.1
        ],
        "predict_change": [
            -1.49
        ]
    },
    "T": {
        "RMSE": 0.05675717353820886,
        "MAE": 0.05675717353820886,
        "actual_change": [
            -0.32
        ],
        "predict_change": [
            -0.68
        ]
    },
    "RIVN": {
        "RMSE": 0.1552363872528062,
        "MAE": 0.1552363872528062,
        "actual_change": [
            -9.18
        ],
        "predict_change": [
            -8.26
        ]
    },
    "CCL": {
        "RMSE": 0.014641265869141051,
        "MAE": 0.014641265869141051,
        "actual_change": [
            -3.83
        ],
        "predict_change": [
            -3.94
        ]
    },
    "SRPT": {
        "RMSE": 0.6501300048828114,
        "MAE": 0.6501300048828114,
        "actual_change": [
            -0.91
        ],
        "predict_change": [
            -1.73
        ]
    },
    "XOM": {
        "RMSE": 0.2527008819580061,
        "MAE": 0.2527008819580061,
        "actual_change": [
            -0.68
        ],
        "predict_change": [
            -0.44
        ]
    },
    "GOOGL": {
        "RMSE": 0.35546844482422557,
        "MAE": 0.35546844482422557,
        "actual_change": [
            -1.3
        ],
        "predict_change": [
            -1.03
        ]
    }
}