{"TSLA": [215.67143173217772], "KVUE": [19.254953060150147], "F": [10.3100004196167], "AMD": [110.36860153198242], "SOFI": [7.429999828338623], "PINS": [30.530000686645508], "NVDA": [450.2171063232422], "AAPL": [178.17469451904296], "BAC": [28.1192419052124], "AMZN": [139.2436457824707], "AAL": [11.544847145080567], "PLTR": [17.96484914779663], "PFE": [31.055316352844237], "VFC": [15.875015201568603], "PR": [14.164962511062622], "LU": [1.1399999856948853], "INTC": [38.0099983215332], "NIO": [7.895113835334778], "VZ": [35.68000030517578], "SNAP": [10.63479181289673], "RIG": [6.545496225357056], "T": [15.739383125305176], "RIVN": [17.020000457763672], "CCL": [12.06999969482422], "SRPT": [80.07998992919921], "XOM": [106.41426605224609], "GOOGL": [129.40195007324218], "AGNC": [8.285148096084594], "ON": [65.83887725830078], "LCID": [4.295679044723511], "NEE": [59.349978485107414], "ZI": [13.305079030990598], "MSFT": [354.48156890869143], "BP": [36.470001220703125], "SWN": [6.889999866485596], "CMCSA": [42.400001525878906], "IBRX": [3.380000114440918], "GOOG": [130.64202362060547], "AMC": [10.869385232925415], "GOLD": [16.50496566772461], "GM": [29.00518445968628], "NOK": [3.434723436832428], "WDC": [43.52000045776367], "PBR": [15.784962759017944], "VALE": [14.609999656677246], "META": [315.20023651123046], "PLUG": [6.079999923706055], "ABEV": [2.7300000190734863], "PARA": [12.600000381469728], "UBER": [47.68000030517578], "ITUB": [5.695397233963012], "AVTR": [18.055053653717042], "LYFT": [10.305420579910278], "NU": [8.304714670181275], "CVX": [147.11688705444337], "LSCC": [56.66999816894531], "WBD": [11.364826068878173], "CLF": [17.224995193481444], "WOLF": [33.22999954223633], "ING": [13.239999771118164], "NCLH": [13.050000190734863], "BCS": [6.745185871124267], "KGC": [5.515061645507813], "KMI": [16.690000534057617], "BBD": [3.009996409416199], "ERIC": [4.635099849700928], "PYPL": [54.485314445495604], "CCJ": [40.810001373291016], "MO": [40.62515377044678], "NEM": [38.115424957275394], "YMM": [7.099999904632568], "LIFW": [12.06999969482422], "Z": [36.65475170135498], "WFC": [41.204379081726074], "JD": [26.964866046905517], "O": [50.54235767364502], "C": [41.804817085266116], "GRAB": [3.1348393535614014], "PDD": [107.54020095825196], "ET": [13.48000823020935], "BMY": [53.12478855133057], "AMCR": [9.064931631088257], "RUN": [10.090008420944214], "CTLT": [34.869998931884766], "HAYW": [10.754752588272094], "SHOP": [59.820099716186526], "BEN": [23.719927349090575], "RTX": [82.43000030517578], "SIRI": [4.744319925308227], "KO": [57.180275192260744], "DKNG": [34.130001068115234], "CAT": [236.76706649780274], "BABA": [85.28731498718261], "KDP": [31.17504240036011], "LUV": [23.265194644927984], "TFC": [30.59000015258789], "EPD": [26.51508840560913], "HBAN": [10.415355291366577], "CRK": [12.539999961853027], "DNA": [1.5099999904632568], "PEAK": [16.85463315963745], "NMR": [4.119999885559082], "SCHW": [55.119998931884766], "USB": [35.100011291503904], "BTG": [3.3399999141693115], "KEY": [11.170083389282224], "MPW": [5.090000152587891], "AFRM": [21.244722862243652], "NYCB": [9.688739852905274], "RF": [15.5], "BEKE": [15.224977378845216], "GPK": [21.790039825439457], "NWL": [7.055248255729675], "JPM": [143.6031871032715], "STLA": [19.520000457763672], "FCX": [35.43000030517578], "UEC": [5.559999942779541], "SQ": [48.43000030517578], "PCG": [16.8952543258667], "SHEL": [66.9599740600586], "AES": [16.515081672668458], "XPEV": [17.22512975692749], "QS": [5.8364332485198975], "TSM": [91.71972610473632], "DIS": [84.19000244140625], "X": [34.354882049560544], "KHC": [33.36000061035156], "CSCO": [53.02000045776367], "ANET": [210.79206832885743], "IQ": [4.905874848365784], "CVE": [18.989999771118164], "MU": [72.54490577697754], "DOC": [11.684868564605713], "BSX": [52.57004970550537], "M": [12.365762186050414], "TOST": [16.860002975463868], "SLB": [56.369998931884766], "HPE": [15.784960279464721], "LI": [39.380001068115234], "LYG": [2.044409968852997], "NLY": [16.989999771118164], "CHWY": [20.350000381469727], "SRC": [38.5], "SITC": [12.529999732971191], "DAL": [32.4963200378418], "HST": [16.65420570373535], "CL": [75.26490417480468], "CSX": [30.205797882080073], "GEHC": [71.05000305175781], "SBUX": [103.58969665527344], "MS": [75.5], "FIS": [51.540000915527344], "NXE": [5.836356682777405], "BTE": [4.304607553482056], "CVS": [71.12999725341797], "D": [45.037749443054196], "CPNG": [16.649999618530273], "HRL": [32.72999954223633], "WBA": [21.729999542236328], "MDT": [73.1253141784668], "TME": [7.516109623908997], "MRO": [26.75], "UAL": [36.265036239624024], "BKR": [34.900001525878906], "AFL": [81.09724891662597], "UMC": [7.5450143623352055], "MCHP": [74.44000244140625], "PBR-A": [14.600606727600098], "MRVL": [50.866001243591306], "CTRA": [27.35997322082519], "ROKU": [81.57975936889649], "CNHI": [11.329971504211429], "TJX": [90.92905464172364], "PSLV": [7.889999866485596], "BILI": [14.419966745376584], "EW": [67.12015266418457], "TEVA": [9.025380544662475], "HAL": [39.86000061035156], "HPQ": [27.269920463562013], "COIN": [84.16056396484375], "AUR": [1.8799999952316284], "TAL": [9.064987287521362], "SYY": [66.80987762451171], "CFG": [25.524925460815428], "HTZ": [8.989999771118164], "LTHM": [14.234841594696045], "MKC": [65.05456176757812], "EXC": [40.34532901763916], "KIM": [18.444989700317382], "W": [45.706268577575685], "MTCH": [28.399999618530277], "IBN": [22.770000457763672], "ABBV": [141.8694383239746], "HR": [15.115090980529786], "RBLX": [33.37499473571777], "VTRS": [9.184881868362426], "ABR": [12.4399995803833], "BAX": [34.40471645355225], "ALLY": [26.28994188308716], "FHN": [11.510000228881836], "GSK": [34.79999923706055], "VRT": [38.91494426727295], "BB": [3.630000114440918], "FTI": [21.809999465942383], "TGT": [111.37969810485839], "IMGN": [15.935298261642457], "MDLZ": [68.65366233825684], "MRK": [104.17946517944335], "PATH": [16.399999618530273], "AR": [28.38999938964844], "SAN": [3.7646531152725218], "UAA": [7.099999904632568], "VICI": [28.8799991607666], "ENPH": [77.2397859954834], "APO": [82.66993064880371], "VNO": [22.780000686645508], "HL": [4.245709238052368], "DHR": [195.56531295776367], "WU": [11.734811277389527], "AA": [25.913190879821776], "QCOM": [118.69939903259278], "AZN": [64.20895683288575], "UDR": [32.364616546630856], "ROIV": [8.894573230743408], "CARR": [49.9900016784668]}