{"TSLA": [209.96499771118164], "KVUE": [19.22088653564453], "F": [9.699936466217041], "AMD": [113.49411903381348], "SOFI": [6.850024905204773], "PINS": [31.25994010925293], "NVDA": [469.80930267333986], "AAPL": [182.3085157775879], "BAC": [27.530234775543214], "AMZN": [140.57638290405274], "AAL": [11.749834985733033], "PLTR": [18.270202980041503], "PFE": [29.679831943511964], "VFC": [15.149961290359494], "PR": [12.960250234603881], "LU": [1.0265733057260513], "INTC": [37.80174045562744], "NIO": [7.46969979763031], "VZ": [35.61968933105469], "SNAP": [11.239999771118164], "RIG": [6.570705142021179], "T": [15.629845685958863], "RIVN": [15.329999923706056], "CCL": [12.309896383285523], "SRPT": [79.14762237548828], "XOM": [102.95380622863769], "GOOGL": [130.2511328125]}