{"TSLA": [208.34083053588867], "KVUE": [19.15552465438843], "F": [9.729999542236328], "AMD": [113.675625], "SOFI": [6.719899792671203], "PINS": [31.480326137542725], "NVDA": [470.47449676513673], "AAPL": [182.88993927001954], "BAC": [27.433548316955566], "AMZN": [140.4302070617676], "AAL": [11.710218458175659], "PLTR": [18.316118659973146], "PFE": [29.76447992324829], "VFC": [15.24544306755066], "PR": [12.980045976638793], "LU": [1.0265733057260513], "INTC": [38.02078998565674], "NIO": [7.525628437995911], "VZ": [35.59778667449951], "SNAP": [11.300000190734863], "RIG": [6.678879904747009], "T": [15.573242940902709], "RIVN": [15.485236310958863], "CCL": [12.295359153747558], "SRPT": [78.4998715209961], "XOM": [103.21269996643066], "GOOGL": [130.5954739379883]}