{"AAL": [11.552162971496582], "AAPL": [175.598751373291], "AMD": [104.47891593933106], "AMZN": [131.67530075073242], "BAC": [26.800282917022706], "CCL": [11.918847770690919], "F": [11.069669723510744], "GOOGL": [132.5561294555664], "INTC": [36.10071117401123], "KVUE": [19.365754661560057], "LU": [1.0111899894475938], "NIO": [7.96999979019165], "NVDA": [436.56930053710937], "PFE": [31.384157848358154], "PINS": [27.889817657470708], "PLTR": [16.929940223693848], "PR": [14.591841049194336], "RIG": [7.069900169372558], "RIVN": [17.63107177734375], "SNAP": [9.752259950637818], "SOFI": [7.670000076293945], "SRPT": [102.6473250579834], "T": [15.144496059417724], "TSLA": [226.4285009765625], "VFC": [16.531843509674072], "VZ": [33.34157634735107], "XOM": [108.10309989929199]}