{"TSLA": [209.38756439208984], "KVUE": [19.124103469848635], "F": [9.780310602188111], "AMD": [113.8744750213623], "SOFI": [6.679999828338623], "PINS": [31.55984170913696], "NVDA": [470.6593005371094], "AAPL": [182.88993927001954], "BAC": [27.503756065368652], "AMZN": [140.78672409057617], "AAL": [11.760000228881836], "PLTR": [18.41073806762695], "PFE": [29.848990993499754], "VFC": [15.294707355499268], "PR": [13.04497742652893], "LU": [1.0265733057260513], "INTC": [38.150101318359376], "NIO": [7.5494001722335815], "VZ": [35.545784606933594], "SNAP": [11.300000190734863], "RIG": [6.719999804496765], "T": [15.599993715286256], "RIVN": [15.746360778808594], "CCL": [12.300064458847046], "SRPT": [78.89559692382812], "XOM": [103.28087158203125], "GOOGL": [130.8469665527344]}