{"AA": [25.848826618194575], "AAL": [11.466237516403199], "AAPL": [175.6294921875], "ABBV": [141.90365188598633], "ABEV": [2.6340632486343383], "ABR": [12.729999542236328], "AES": [15.676249170303345], "AFL": [80.50557518005371], "AFRM": [20.08003562927246], "AGNC": [7.997859206199646], "ALLY": [25.624404067993165], "AMC": [10.574270257949829], "AMCR": [8.916384582519532], "AMD": [107.670298538208], "AMZN": [137.29773696899414], "ANET": [209.63960250854493], "APO": [82.68000030517578], "AR": [29.819989700317382], "AUR": [1.8899999856948853], "AVTR": [17.93603084564209], "AZN": [63.83977275848389], "BABA": [83.8197999572754], "BAC": [27.421862411499024], "BAX": [33.58400661468506], "BB": [3.654726836681366], "BBD": [2.9250660729408264], "BCS": [6.577858238220215], "BEKE": [14.96361608505249], "BEN": [23.38999938964844], "BILI": [13.943484268188477], "BKR": [34.979979553222655], "BMY": [51.91000820159912], "BP": [36.40650386810303], "BSX": [52.141675758361814], "BTE": [4.385917000770569], "BTG": [3.2640284442901613], "C": [40.94792228698731], "CARR": [49.619998931884766], "CAT": [235.1966862487793], "CCJ": [41.5122758102417], "CCL": [11.893656921386718], "CFG": [24.702401905059816], "CHWY": [20.055990409851074], "CL": [74.97837982177734], "CLF": [17.04162986755371], "CMCSA": [42.25], "CNHI": [11.235001354217529], "COIN": [82.34008911132813], "CPNG": [16.536990146636963], "CRK": [12.842939414978026], "CSCO": [52.67435836791992], "CSX": [30.11814561843872], "CTLT": [33.80104766845703], "CTRA": [27.71999931335449], "CVE": [19.115050354003905], "CVS": [69.74168563842774], "CVX": [146.61188171386718], "D": [42.16473888397217], "DAL": [32.130001068115234], "DHR": [193.66592910766602], "DIS": [83.00865280151368], "DKNG": [30.53511516571045], "DNA": [1.4861534810066224], "DOC": [11.325959415435792], "ENPH": [78.84414756774902], "EPD": [26.28445737838745], "ERIC": [4.550000190734863], "ESTE": [21.170000076293945], "ET": [13.422577018737792], "EW": [65.4499543762207], "EXC": [39.95000076293945], "F": [10.13444682121277], "FCX": [34.60429672241211], "FHN": [11.282678327560426], "FIS": [50.68644927978516], "FTI": [22.01681743621826], "GEHC": [69.35096664428711], "GM": [28.776062927246095], "GOLD": [16.166343326568605], "GOOG": [128.65446731567383], "GOOGL": [127.469301071167], "GPK": [21.79216947555542], "GRAB": [3.109999895095825], "GSK": [34.7354130935669], "HAL": [39.83000183105469], "HAYW": [10.79469850540161], "HBAN": [10.147676219940186], "HL": [4.151987013816833], "HPE": [15.667876167297363], "HPQ": [26.8799991607666], "HR": [14.787802362442017], "HRL": [32.71385398864746], "HST": [16.1624112701416], "HTZ": [8.85253044128418], "IBN": [22.554616813659667], "IBRX": [3.4879843187332153], "IMGN": [15.521544303894043], "ING": [12.9399995803833], "INTC": [37.515483360290524], "IQ": [4.809999942779541], "ITUB": [5.556040177345276], "JD": [26.120678482055663], "JPM": [141.29805236816406], "KDP": [30.747486114501953], "KEY": [10.804792346954345], "KGC": [5.362738108634948], "KHC": [32.74577785491943], "KIM": [18.37595407485962], "KMI": [16.59793245315552], "KO": [56.7465633392334], "KVUE": [19.085268993377685], "LCID": [4.329999923706055], "LI": [35.98282188415527], "LIFW": [4.0368620300292966], "LSCC": [56.161443099975585], "LTHM": [14.56537452697754], "LU": [1.0299999713897705], "LUV": [22.96999931335449], "LYFT": [9.893448238372804], "LYG": [1.9907998085021972], "M": [12.449999809265137], "MCHP": [73.49654708862305], "MDLZ": [67.61000061035156], "MDT": [71.89844055175782], "META": [310.8567987060547], "MKC": [64.5], "MO": [40.38999938964844], "MPW": [5.03000020980835], "MRK": [103.22085968017578], "MRO": [27.301679039001463], "MRVL": [49.282261276245116], "MS": [73.48235794067382], "MSFT": [348.69780029296874], "MTCH": [30.19218584060669], "MU": [70.44045516967773], "NCLH": [13.3378581905365], "NEE": [59.01108253479004], "NEM": [37.91999816894531], "NIO": [7.747587428092957], "NLY": [16.600000381469727], "NMR": [4.05409547328949], "NOK": [3.358003194332123], "NU": [8.304059743881226], "NVDA": [434.7899945068359], "NWL": [6.820000171661377], "NXE": [6.036053524017334], "NYCB": [9.647170200347901], "O": [49.340537033081056], "ON": [65.71816291809083], "PARA": [12.010000228881836], "PATH": [16.315912551879883], "PBR": [15.479999542236328], "PBR-A": [14.296073150634765], "PCG": [16.67783935546875], "PDD": [103.83969650268554], "PEAK": [16.387501411437988], "PFE": [30.800933723449706], "PINS": [30.47575122833252], "PLTR": [17.023732662200928], "PLUG": [6.157939100265503], "PR": [14.568188734054566], "PSLV": [7.807997698783875], "PYPL": [53.84999847412109], "QCOM": [115.34042816162109], "QS": [5.591788783073425], "RBLX": [33.19117736816406], "RF": [15.143784666061402], "RIG": [6.730000019073486], "RIVN": [16.96637870788574], "ROIV": [8.986041059494019], "ROKU": [73.07233589172364], "RTX": [82.28790069580079], "RUN": [10.144268636703492], "SAN": [3.732801356315613], "SBUX": [98.05774940490723], "SCHW": [54.24968517303467], "SHEL": [66.40996864318848], "SHOP": [55.515125885009766], "SIRI": [4.617402877807617], "SITC": [12.302637939453126], "SLB": [56.447491302490235], "SNAP": [10.376046123504638], "SOFI": [7.760000228881836], "SQ": [44.68000030517578], "SRC": [37.550161590576174], "SRPT": [75.94000244140625], "STLA": [19.37705820083618], "SWN": [7.248049850463867], "SYY": [66.32642890930175], "T": [15.667849731445312], "TAL": [8.826515245437623], "TEVA": [8.832573347091675], "TFC": [29.75], "TGT": [111.0605982208252], "TJX": [89.58040161132813], "TME": [7.345483350753784], "TOST": [16.713497524261474], "TSLA": [212.83540084838867], "TSM": [89.79772094726563], "UAA": [6.998052582740784], "UAL": [35.982889556884764], "UBER": [45.89752830505371], "UDR": [32.25485195159912], "UEC": [5.7915803861618045], "UMC": [7.447022013664245], "USB": [33.76721225738525], "VALE": [14.305517683029175], "VFC": [14.818006019592286], "VICI": [28.50485164642334], "VNO": [21.314347763061523], "VRT": [39.93393543243408], "VTRS": [9.04592658996582], "VZ": [35.6170601272583], "W": [45.896231689453124], "WBA": [21.41840976715088], "WBD": [10.863936176300049], "WDC": [42.046672668457035], "WFC": [40.56997165679932], "WOLF": [33.944335556030275], "WU": [11.556482448577881], "X": [34.22537902832031], "XOM": [106.84969841003418], "XPEV": [16.218889904022216], "YMM": [6.842656064033508], "Z": [36.603304328918455], "ZI": [12.995838718414307]}