{"AAL": [11.802934865951539], "AAPL": [180.18572158813475], "AMD": [112.21833999633789], "AMZN": [140.53233779907225], "BAC": [28.03088758468628], "CCL": [12.445045995712281], "F": [10.198809719085693], "GOOGL": [130.25130126953124], "INTC": [38.0887442779541], "KVUE": [19.32949697494507], "LU": [1.0697000443935394], "NIO": [7.919975075721741], "NVDA": [457.49270721435545], "PFE": [30.839109897613525], "PINS": [31.090677356719972], "PLTR": [18.567472343444823], "PR": [14.012364053726197], "RIG": [6.728999986648559], "RIVN": [17.255534610748292], "SNAP": [10.940039596557618], "SOFI": [7.549650177955628], "SRPT": [79.33051239013672], "T": [15.749928646087646], "TSLA": [219.32413681030275], "VFC": [15.539358224868774], "VZ": [35.85557010650635], "XOM": [105.6323006439209]}