{"TSLA": [219.26003723144532], "KVUE": [19.350000381469727], "F": [10.3100004196167], "AMD": [111.7501000213623], "SOFI": [7.489999771118164], "PINS": [30.920000076293945], "NVDA": [457.59300323486326], "AAPL": [179.23544525146485], "BAC": [28.32999992370605], "AMZN": [139.74576293945313], "AAL": [11.65999984741211], "PLTR": [18.540000915527344], "PFE": [31.18000030517578], "VFC": [15.949999809265137], "PR": [14.1899995803833], "LU": [1.1200000047683716], "INTC": [37.95000076293945], "NIO": [7.96999979019165], "VZ": [35.63999938964844], "SNAP": [10.729999542236328], "RIG": [6.650000095367432], "T": [15.75], "RIVN": [17.179980297088623], "CCL": [12.260000228881836], "SRPT": [80.0999984741211], "XOM": [105.87240097045898], "GOOGL": [130.24887603759765], "AGNC": [8.34000015258789], "ON": [66.2300033569336], "LCID": [4.320000171661377], "NEE": [59.039926071166995], "ZI": [13.09000015258789], "MSFT": [356.52566619873045], "BP": [36.2999492263794], "SWN": [7.039999961853027], "CMCSA": [42.459999084472656], "IBRX": [3.5999999046325684], "GOOG": [131.44762435913086], "AMC": [10.949999809265137], "GOLD": [16.290000915527344], "GM": [29.11000061035156], "NOK": [3.430000066757202], "WDC": [43.17001625061035], "PBR": [15.710000038146973], "VALE": [14.609999656677246], "META": [315.7975991821289], "PLUG": [6.260000228881836], "ABEV": [2.75], "PARA": [12.6899995803833], "UBER": [48.13988780975342], "ITUB": [5.71999979019165], "AVTR": [18.270000457763672], "LYFT": [10.529999732971191], "NU": [8.3100004196167], "CVX": [147.00089965820314], "LSCC": [56.5099983215332], "WBD": [11.449999809265137], "CLF": [17.360000610351562], "WOLF": [33.56999969482422], "ING": [13.260000228881836], "NCLH": [13.109999656677246], "BCS": [6.75], "KGC": [5.480000019073486], "KMI": [16.670000076293945], "BBD": [3.0299999713897705], "ERIC": [4.639999866485596], "PYPL": [54.619998931884766], "CCJ": [40.810001373291016], "MO": [40.5400248336792], "NEM": [37.880001068115234], "YMM": [7.099999904632568], "LIFW": [9.649999618530272], "Z": [37.11000061035156], "WFC": [41.34000015258789], "JD": [27.11000061035156], "O": [50.459999084472656], "C": [42.040000915527344], "GRAB": [3.140000104904175], "PDD": [107.11935264587405], "ET": [13.510000228881836], "BMY": [52.7900159072876], "AMCR": [9.0600004196167], "RUN": [10.289999961853027], "CTLT": [34.279998779296875], "HAYW": [10.68000030517578], "SHOP": [60.430105209350586], "BEN": [23.82999992370605], "RTX": [82.4001015472412], "SIRI": [4.710000038146973], "KO": [56.970001220703125], "DKNG": [35.099998474121094], "CAT": [238.282403717041], "BABA": [85.35986763000489], "KDP": [30.969982490539547], "LUV": [23.530000686645508], "TFC": [30.739999771118164], "EPD": [26.40999984741211], "HBAN": [10.5], "CRK": [12.479999542236328], "DNA": [1.5199999809265137], "PEAK": [16.770000457763672], "NMR": [4.130000114440918], "SCHW": [55.619998931884766], "USB": [35.27000045776367], "BTG": [3.3299999237060547], "KEY": [11.270000457763672], "MPW": [5.050000190734863], "AFRM": [21.709999084472656], "NYCB": [9.68000030517578], "RF": [15.479999542236328], "BEKE": [15.170000076293944], "GPK": [21.959999084472656], "NWL": [7.039999961853027], "JPM": [144.06902572631836], "STLA": [19.549999237060547], "FCX": [35.369998931884766], "UEC": [5.520016651153565], "SQ": [49.52000045776367], "PCG": [16.770000457763672], "SHEL": [66.83007736206055], "AES": [16.34000015258789], "XPEV": [17.43000030517578], "QS": [5.880000114440918], "TSM": [92.5999984741211], "DIS": [84.0199966430664], "X": [34.5099983215332], "KHC": [33.290000915527344], "CSCO": [53.290000915527344], "ANET": [212.79894317626952], "IQ": [4.920000076293945], "CVE": [18.809999465942383], "MU": [72.92031799316406], "DOC": [11.649999618530272], "BSX": [52.810001373291016], "M": [12.529999732971191], "TOST": [17.059999465942383], "SLB": [56.47999954223633], "HPE": [15.90999984741211], "LI": [39.42002826690674], "LYG": [2.049999952316284], "NLY": [17.059999465942383], "CHWY": [20.63999938964844], "SRC": [38.41999816894531], "SITC": [12.609999656677246], "DAL": [32.91999816894531], "HST": [16.670000076293945], "CL": [75.21001556396484], "CSX": [30.37998046875], "GEHC": [71.08999633789062], "SBUX": [104.02879852294922], "MS": [75.91999816894531], "FIS": [51.720001220703125], "NXE": [5.789999961853027], "BTE": [4.289999961853027], "CVS": [71.07998672485351], "D": [45.5901416015625], "CPNG": [16.700000762939453], "HRL": [32.529998779296875], "WBA": [21.770000457763672], "MDT": [73.4199732208252], "TME": [7.510000228881836], "MRO": [26.61000061035156], "UAL": [36.7599983215332], "BKR": [34.939998626708984], "AFL": [81.4000015258789], "UMC": [7.599999904632568], "MCHP": [75.12000274658203], "PBR-A": [14.550000190734863], "MRVL": [51.2400016784668], "CTRA": [27.440000534057617], "ROKU": [83.30006690979003], "CNHI": [11.34000015258789], "TJX": [90.85006393432617], "PSLV": [7.839974808692932], "BILI": [14.539999961853027], "EW": [67.09994857788087], "TEVA": [9.050000190734863], "HAL": [39.51999389648437], "HPQ": [27.32999992370605], "COIN": [86.36967002868653], "AUR": [1.9600000381469729], "TAL": [9.140000343322754], "SYY": [66.82009468078613], "CFG": [25.84000015258789], "HTZ": [9.020000457763672], "LTHM": [14.25], "MKC": [64.70999908447266], "EXC": [40.02000045776367], "KIM": [18.559999465942383], "W": [46.16999816894531], "MTCH": [28.450000762939453], "IBN": [22.84000015258789], "ABBV": [141.19839874267578], "HR": [15.149999618530272], "RBLX": [33.849998474121094], "VTRS": [9.210000038146973], "ABR": [12.430030307769773], "BAX": [34.4900016784668], "ALLY": [26.530000686645508], "FHN": [11.59000015258789], "GSK": [34.790000915527344], "VRT": [39.75], "BB": [3.680000066757202], "FTI": [21.989999771118164], "TGT": [111.0514015197754], "IMGN": [16.020000457763672], "MDLZ": [68.23999786376953], "MRK": [104.33979652404786], "PATH": [16.6299991607666], "AR": [28.959999084472656], "SAN": [3.7699999809265137], "UAA": [7.099999904632568], "VICI": [29.0], "ENPH": [78.18000030517578], "APO": [83.1500015258789], "VNO": [22.8799991607666], "HL": [4.199999809265137], "DHR": [195.52201248168944], "WU": [11.68000030517578], "AA": [25.96999931335449], "QCOM": [119.92972023010253], "AZN": [64.04983955383301], "UDR": [32.52000045776367], "ROIV": [8.890000343322754], "CARR": [50.27000045776367]}