{"AAL": [11.830016632080081], "AAPL": [180.62960067749023], "AMD": [112.90833724975586], "AMZN": [140.77985763549805], "BAC": [28.067007064819336], "CCL": [12.492960052490234], "F": [10.15999984741211], "GOOGL": [130.48274017333983], "INTC": [38.11907890319824], "KVUE": [19.338734092712404], "LU": [1.070200047492981], "NIO": [7.899900093078613], "NVDA": [460.70799713134767], "PFE": [30.839551620483398], "PINS": [31.090677356719972], "PLTR": [18.59789628982544], "PR": [13.764705429077148], "RIG": [6.649900093078613], "RIVN": [16.92996021270752], "SNAP": [10.97634979248047], "SOFI": [7.417069182395935], "SRPT": [80.17729942321778], "T": [15.749928646087646], "TSLA": [218.7238314819336], "VFC": [15.639029684066772], "VZ": [35.80001289367676], "XOM": [104.74874671936035]}