{"TSLA": [222.13436737060547], "KVUE": [19.160521602630617], "F": [10.050000190734863], "AMD": [113.58552513122558], "SOFI": [7.31004994392395], "PINS": [31.3702170753479], "NVDA": [465.5953945922852], "AAPL": [182.89117889404298], "BAC": [27.890271434783937], "AMZN": [142.07844039916992], "AAL": [12.009950227737427], "PLTR": [18.49005310058594], "PFE": [30.819621200561524], "VFC": [15.599980382919314], "PR": [13.18997067451477], "LU": [1.059999942779541], "INTC": [37.92037528991699], "NIO": [7.920000076293945], "VZ": [35.77009544372559], "SNAP": [11.229999542236328], "RIG": [6.66970006942749], "T": [15.650055980682373], "RIVN": [16.999986667633056], "CCL": [12.789999961853027], "SRPT": [80.68928672790527], "XOM": [102.9352269744873], "GOOGL": [131.84019729614258]}