{"AAL": [11.574326267242432], "AAPL": [175.94048248291017], "AMD": [104.95446563720704], "AMZN": [132.13537155151369], "BAC": [26.84296480178833], "CCL": [11.949985151290894], "F": [11.02034613609314], "GOOGL": [132.42746002197265], "INTC": [36.188264541625976], "KVUE": [19.360356712341307], "LU": [1.0112899893522262], "NIO": [7.959750032424926], "NVDA": [437.44929748535156], "PFE": [31.330556907653808], "PINS": [28.051360511779784], "PLTR": [17.010040225982667], "PR": [14.535866718292237], "RIG": [7.059999942779541], "RIVN": [17.584653701782226], "SNAP": [9.831425008773804], "SOFI": [7.630000114440918], "SRPT": [101.51349472045898], "T": [15.168565616607665], "TSLA": [225.69883728027344], "VFC": [16.479901218414305], "VZ": [33.44990261077881], "XOM": [107.92510009765626]}