{"AAL": [11.83066318511963], "AAPL": [180.8200993347168], "AMD": [113.00463417053223], "AMZN": [140.7980320739746], "BAC": [28.059522438049317], "CCL": [12.490233135223388], "F": [10.170200080871581], "GOOGL": [130.59065841674806], "INTC": [38.18599994659424], "KVUE": [19.320525817871093], "LU": [1.070200047492981], "NIO": [7.909999847412109], "NVDA": [462.01940002441404], "PFE": [30.87213924407959], "PINS": [31.148881320953368], "PLTR": [18.629782676696777], "PR": [13.779960641860962], "RIG": [6.678879904747009], "RIVN": [17.010040225982667], "SNAP": [10.989906425476073], "SOFI": [7.3802001094818115], "SRPT": [80.11980888366699], "T": [15.740029554367066], "TSLA": [218.64889678955078], "VFC": [15.666271238327026], "VZ": [35.78058860778808], "XOM": [104.80775611877442]}